Circuit,Fault,Std_Conflicts,GNN_Conflicts,Speedup,Status
s838.1.bench,I753,9,12,0.01,Solved
s838.1.bench,I846,32,153,0.11,Solved
s838.1.bench,P.10,22,17,0.15,Solved
s838.1.bench,I556,115,10,0.22,Solved
s838.1.bench,I404,9,8,0.13,Solved
s838.1.bench,I363,18,16,0.15,Solved
s838.1.bench,I1011,239,155,0.27,Solved
s838.1.bench,P.31,20,19,0.14,Solved
s838.1.bench,I480.4,23,6,0.16,Solved
s838.1.bench,I1127,112,223,0.20,Solved
s838.1.bench,I1122,22,18,0.16,Solved
s838.1.bench,I975,301,132,0.44,Solved
s838.1.bench,I804.3,22,14,0.17,Solved
s838.1.bench,I701,10,33,0.16,Solved
s838.1.bench,I1246,372,91,0.40,Solved
s838.1.bench,I284.3,12,6,0.17,Solved
s838.1.bench,I1202,7,51,0.15,Solved
s838.1.bench,I1194,9,62,0.14,Solved
s838.1.bench,I1111.1,9,74,0.13,Solved
s838.1.bench,I803.3,65,21,0.22,Solved
s820.bench,G224,104,62,0.18,Solved
s820.bench,G194,175,1183,0.21,Fallback
s820.bench,G262,66,50,0.18,Solved
s820.bench,G174,148,21,0.22,Solved
s820.bench,G294,57,1173,0.14,Fallback
s820.bench,G311,16,9,0.13,Solved
s820.bench,G164,10,71,0.11,Solved
s820.bench,G50,154,1197,0.21,Fallback
s820.bench,G129,14,7,0.13,Solved
s820.bench,G212,57,7,0.17,Solved
s820.bench,G147,285,79,0.35,Solved
s820.bench,G246,44,93,0.15,Solved
s820.bench,G100,16,6,0.15,Solved
s820.bench,G306,9,8,0.12,Solved
s820.bench,G274,316,8,0.41,Solved
s820.bench,G216,19,35,0.15,Solved
s820.bench,G294,68,1144,0.18,Fallback
s820.bench,G284,11,1256,0.13,Fallback
s820.bench,G169,193,115,0.29,Solved
s820.bench,G145,58,33,0.18,Solved
s38417.bench,g25847,2947,3257,0.66,Solved
s38417.bench,g27551,1130,6553,0.13,Solved
s38417.bench,g24928,4992,2534,1.68,Solved
s38417.bench,I39065,1176,2328,0.70,Solved
s38417.bench,I24655,11789,21895,0.76,Solved
s38417.bench,g22002,2305,1104,1.52,Solved
s38417.bench,g18875,2465,4158,0.42,Solved
s38417.bench,g8862,1947,1150,1.25,Solved
s38417.bench,g10625,15867,2475,5.92,Solved
s38417.bench,g30376,1949,3483,0.49,Solved
s38417.bench,g30896,3258,3355,1.04,Solved
s38417.bench,g11189,6603,6601,1.11,Solved
s38417.bench,I32871,1956,1075,1.77,Solved
s38417.bench,g29092,5032,2225,1.50,Solved
s38417.bench,g20050,14984,10556,1.30,Solved
s38417.bench,g29732,5114,8749,0.63,Solved
s38417.bench,g27927,3222,1589,1.52,Solved
s38417.bench,g10930,4668,2001,1.15,Solved
s38417.bench,g29088,1253,12942,0.20,Solved
s38417.bench,I16514,5802,121,3.87,Solved
s832.bench,G245,320,127,0.30,Solved
s832.bench,G313,8,16,0.11,Solved
s832.bench,G202,204,1390,0.20,Fallback
s832.bench,G43,9,6,0.10,Solved
s832.bench,G328,4,5,0.11,Solved
s832.bench,G79,21,4,0.14,Solved
s832.bench,G292,7,4,0.14,Solved
s832.bench,G276,48,5,0.15,Solved
s832.bench,G71,6,4,0.18,Solved
s832.bench,G139,6,4,0.13,Solved
s832.bench,G136,263,8,0.37,Solved
s832.bench,G328,4,5,0.17,Solved
s832.bench,G176,37,87,0.16,Solved
s832.bench,G279,78,4,0.21,Solved
s832.bench,G160,137,1142,0.27,Fallback
s832.bench,G206,116,34,0.23,Solved
s832.bench,G48,2,2,0.16,Solved
s832.bench,G104,157,1134,0.25,Fallback
s832.bench,G114,16,16,0.15,Solved
s832.bench,G212,83,32,0.23,Solved
s1423.bench,G530,439,106,0.52,Solved
s1423.bench,G564,9,16,0.13,Solved
s1423.bench,G351,159,110,0.29,Solved
s1423.bench,G121,305,77,0.46,Solved
s1423.bench,G607,83,17,0.22,Solved
s1423.bench,G711,123,189,0.28,Solved
s1423.bench,G209,318,437,0.38,Solved
s1423.bench,G354,307,23,0.48,Solved
s1423.bench,G370,69,118,0.23,Solved
s1423.bench,G681,28,190,0.15,Solved
s1423.bench,G500,20,16,0.19,Solved
s1423.bench,G330,136,97,0.34,Solved
s1423.bench,G412,286,167,0.59,Solved
s1423.bench,G602,200,62,0.63,Solved
s1423.bench,G132,166,159,0.39,Solved
s1423.bench,G521,279,57,0.44,Solved
s1423.bench,G394,116,189,0.39,Solved
s1423.bench,I1239,103,2,0.38,Solved
s1423.bench,G569,97,23,0.48,Solved
s1423.bench,G484,168,442,0.34,Solved
s35932.bench,WX10817,67,55,0.29,Solved
s35932.bench,WX6640,3739,4887,0.73,Solved
s35932.bench,WX1713,954,1340,0.57,Solved
s35932.bench,WX5264,2391,2562,1.45,Solved
s35932.bench,WX11367,12081,227,16.61,Solved
s35932.bench,WX6561,2653,9380,0.15,Solved
s35932.bench,WX2379,8345,9179,0.72,Solved
s35932.bench,WX3043,4089,2965,1.47,Solved
s35932.bench,I14716,14490,13527,0.78,Solved
s35932.bench,WX7580,3104,3546,1.05,Solved
s35932.bench,WX5550,21,27,0.33,Solved
s35932.bench,WX3100,2844,5281,0.45,Solved
s35932.bench,WX9102,2306,2660,0.83,Solved
s35932.bench,WX422,6808,3039,2.22,Solved
s35932.bench,WX4471,1721,4005,0.20,Solved
s35932.bench,I3443,1482,6832,0.11,Solved
s35932.bench,I14259,10228,11928,0.64,Solved
s35932.bench,WX2394,9970,7926,0.95,Solved
s35932.bench,WX8096,1988,8316,0.12,Solved
s35932.bench,WX7376,10134,5215,1.60,Solved
s38584.1.bench,g28246,3022,7103,0.40,Solved
s38584.1.bench,g28312,578,3987,0.06,Solved
s38584.1.bench,g21603,20318,14127,1.14,Solved
s38584.1.bench,I18587,5052,12211,0.68,Solved
s38584.1.bench,g21864,2105,1300,2.67,Solved
s38584.1.bench,g22919,1315,1164,1.20,Solved
s38584.1.bench,g14833,4480,5987,0.78,Solved
s38584.1.bench,I29585,2370,1386,2.43,Solved
s38584.1.bench,g24919,13622,10281,0.97,Solved
s38584.1.bench,g31016,285,1456,0.14,Solved
s38584.1.bench,I15070,4131,114,13.47,Solved
s38584.1.bench,g32586,5804,3798,1.22,Solved
s38584.1.bench,I24396,967,1929,0.25,Solved
s38584.1.bench,g20210,1745,1999,0.75,Solved
s38584.1.bench,g12416,21045,9559,1.65,Solved
s38584.1.bench,g15749,1793,4895,0.33,Solved
s38584.1.bench,I14833,2500,2757,0.83,Solved
s38584.1.bench,I26394,10725,4903,1.51,Solved
s38584.1.bench,g20627,2105,2929,0.73,Solved
s38584.1.bench,g13923,10316,2008,3.58,Solved
s38584.bench,g10675,63,62,0.48,Solved
s38584.bench,g11970,3887,13443,0.40,Solved
s38584.bench,I17754,73,73,0.60,Solved
s38584.bench,g23108,1203,1254,0.78,Solved
s38584.bench,g17722,2095,1045,3.64,Solved
s38584.bench,I13152,63,66,0.53,Solved
s38584.bench,g14453,2041,1711,0.96,Solved
s38584.bench,g25666,263,1985,0.10,Solved
s38584.bench,g24645,2069,1266,2.91,Solved
s38584.bench,g33426,12529,13762,0.75,Solved
s38584.bench,I24690,4226,8830,0.43,Solved
s38584.bench,g33674,4751,5449,0.99,Solved
s38584.bench,g18755,2207,1523,1.94,Solved
s38584.bench,g14489,1088,1239,0.66,Solved
s38584.bench,g19733,113,2003,0.08,Solved
s38584.bench,g18098,3010,1944,1.88,Solved
s38584.bench,g10410,27390,29129,0.72,Fallback
s38584.bench,g30362,1328,1706,0.89,Solved
s38584.bench,g11763,4979,6029,0.78,Solved
s38584.bench,g25414,2630,2593,0.84,Solved
s1488.bench,C105D,44,1087,0.21,Fallback
s1488.bench,I390,443,1184,0.69,Fallback
s1488.bench,I719,95,36,0.26,Solved
s1488.bench,C81D,107,168,0.28,Solved
s1488.bench,I375,108,1049,0.31,Fallback
s1488.bench,I27,112,188,0.30,Solved
s1488.bench,I186,141,99,0.35,Solved
s1488.bench,I692,112,35,0.35,Solved
s1488.bench,C75D,127,9,0.37,Solved
s1488.bench,I555,157,157,0.34,Solved
s1488.bench,I686,134,5,0.42,Solved
s1488.bench,I456,37,33,0.24,Solved
s1488.bench,C195D,243,141,0.47,Solved
s1488.bench,I378,93,73,0.29,Solved
s1488.bench,C217D,127,5,0.33,Solved
s1488.bench,I129,116,3,0.43,Solved
s1488.bench,I222,127,5,0.41,Solved
s1488.bench,C80D,98,1115,0.33,Fallback
s1488.bench,I79,286,260,0.43,Solved
s1488.bench,I109,120,163,0.27,Solved
s15850.1.bench,I7782,3472,3405,1.00,Solved
s15850.1.bench,I4954,5260,1924,2.26,Solved
s15850.1.bench,g5444,273,1628,0.09,Solved
s15850.1.bench,g4003,1140,2747,0.69,Solved
s15850.1.bench,g11009,4472,2485,1.69,Solved
s15850.1.bench,I13002,834,613,1.00,Solved
s15850.1.bench,g8075,298,622,0.46,Solved
s15850.1.bench,g11507,349,901,0.17,Solved
s15850.1.bench,g2185,408,1520,0.23,Solved
s15850.1.bench,g9941,279,5001,0.04,Solved
s15850.1.bench,g7065,509,999,0.60,Solved
s15850.1.bench,g7938,1500,1977,0.64,Solved
s15850.1.bench,I6037,2158,3429,0.78,Solved
s15850.1.bench,I5264,3985,3797,0.75,Solved
s15850.1.bench,g3533,1849,1059,2.84,Solved
s15850.1.bench,I9901,2538,4456,0.75,Solved
s15850.1.bench,I11540,805,254,2.78,Solved
s15850.1.bench,g6581,1195,733,1.16,Solved
s15850.1.bench,g10546,6201,4177,1.10,Solved
s15850.1.bench,g8613,2530,494,6.50,Solved
s9234.bench,I8524,5699,723,3.00,Solved
s9234.bench,I6366,1413,635,1.09,Solved
s9234.bench,g3748,1829,4549,0.61,Solved
s9234.bench,g5699,413,244,1.41,Solved
s9234.bench,g6767,351,495,0.87,Solved
s9234.bench,g2317,6141,7508,0.92,Fallback
s9234.bench,I1961,104,84,0.43,Solved
s9234.bench,g3803,765,26,3.26,Solved
s9234.bench,I2067,2143,2506,0.77,Solved
s9234.bench,g4423,46,459,0.35,Solved
s9234.bench,g2515,1715,4909,0.52,Solved
s9234.bench,g3845,308,334,0.46,Solved
s9234.bench,g6299,181,471,0.50,Solved
s9234.bench,g5535,411,475,0.65,Solved
s9234.bench,g3768,336,284,0.74,Solved
s9234.bench,g6502,577,423,0.84,Solved
s9234.bench,g6481,383,173,0.81,Solved
s9234.bench,I8548,249,388,0.44,Solved
s9234.bench,g4606,5131,4645,1.40,Solved
s9234.bench,g5331,977,410,2.03,Solved
s510.bench,I487,34,21,0.11,Solved
s510.bench,I936_2,155,81,0.23,Solved
s510.bench,I731,5,1,0.08,Solved
s510.bench,I739,44,16,0.12,Solved
s510.bench,I903_2,33,14,0.13,Solved
s510.bench,I551,78,32,0.17,Solved
s510.bench,I495,37,16,0.13,Solved
s510.bench,I270,33,19,0.09,Solved
s510.bench,I962_1,37,11,0.12,Solved
s510.bench,I371,33,7,0.12,Solved
s510.bench,I638,33,15,0.14,Solved
s510.bench,I710,52,13,0.15,Solved
s510.bench,I130,155,32,0.23,Solved
s510.bench,I821,37,37,0.13,Solved
s510.bench,I779,33,20,0.11,Solved
s510.bench,I928_1,33,20,0.14,Solved
s510.bench,I887,33,8,0.11,Solved
s510.bench,I694,33,9,0.13,Solved
s510.bench,I710,52,12,0.17,Solved
s510.bench,I731,5,1,0.12,Solved
s1196.bench,I662,646,539,0.52,Solved
s1196.bench,G511,131,112,0.27,Solved
s1196.bench,G107,554,83,0.68,Solved
s1196.bench,G441,26,26,0.16,Solved
s1196.bench,G209,72,79,0.23,Solved
s1196.bench,G172,68,52,0.20,Solved
s1196.bench,G257,163,200,0.30,Solved
s1196.bench,G250,249,172,0.38,Solved
s1196.bench,G394,165,163,0.33,Solved
s1196.bench,G76,182,157,0.33,Solved
s1196.bench,G311,81,81,0.26,Solved
s1196.bench,G345,1231,724,0.83,Solved
s1196.bench,G500,27,29,0.20,Solved
s1196.bench,G286,182,180,0.31,Solved
s1196.bench,G359,195,281,0.35,Solved
s1196.bench,G548,180,175,0.36,Solved
s1196.bench,G50,122,92,0.30,Solved
s1196.bench,G512,75,75,0.28,Solved
s1196.bench,G119,444,250,0.49,Solved
s1196.bench,G102,847,152,1.00,Solved
s420.1.bench,I420,30,24,0.09,Solved
s420.1.bench,I210,9,2,0.05,Solved
s420.1.bench,I405.4,120,9,0.17,Solved
s420.1.bench,I105.3,9,7,0.08,Solved
s420.1.bench,I167,43,20,0.17,Solved
s420.1.bench,I405.3,139,1104,0.16,Fallback
s420.1.bench,I451,132,44,0.17,Solved
s420.1.bench,I95.1,22,6,0.10,Solved
s420.1.bench,I73.4,9,12,0.07,Solved
s420.1.bench,I269.4,9,13,0.10,Solved
s420.1.bench,I2.3,124,1114,0.17,Fallback
s420.1.bench,I555.2,9,14,0.10,Solved
s420.1.bench,P.5,22,16,0.11,Solved
s420.1.bench,I571,9,18,0.10,Solved
s420.1.bench,P.6,9,18,0.10,Solved
s420.1.bench,I405.3,67,1115,0.16,Fallback
s420.1.bench,P.11,9,10,0.10,Solved
s420.1.bench,I7.1,9,9,0.10,Solved
s420.1.bench,P.2,9,7,0.10,Solved
s420.1.bench,P.3,9,18,0.11,Solved
s382.bench,TCOMB_YA1,20,16,0.08,Solved
s382.bench,TCOMBVNODE3,56,14,0.10,Solved
s382.bench,TCOMBVNQB,47,91,0.10,Solved
s382.bench,TCOMB_GA2VAD1NF,42,57,0.12,Solved
s382.bench,TCOMBVNODE16VOR1NF,52,1213,0.09,Fallback
s382.bench,UC_20,199,32,0.23,Solved
s382.bench,TCOMBVNODE18,156,1199,0.18,Fallback
s382.bench,CLRBVIR1,247,14,0.30,Solved
s382.bench,UC_19VUC_0,21,18,0.08,Solved
s382.bench,C2VCO2,18,29,0.11,Solved
s382.bench,UC_16VZVOR1NF,39,7,0.12,Solved
s382.bench,TESTLVINMUXVOR1NF,52,15,0.14,Solved
s382.bench,CTST,41,38,0.12,Solved
s382.bench,C3_Q2VZ,10,18,0.08,Solved
s382.bench,TCOMBVNODE15,146,15,0.26,Solved
s382.bench,UC_24,292,27,0.36,Solved
s382.bench,UC_16VZ,21,39,0.13,Solved
s382.bench,C3_Q1VUC_0,62,83,0.20,Solved
s382.bench,TCOMBVNQA,25,118,0.12,Solved
s382.bench,OLATCH_Y1L,9,7,0.10,Solved
s526.bench,G159,48,22,0.11,Solved
s526.bench,G87,56,56,0.12,Solved
s526.bench,G188,10,4,0.09,Solved
s526.bench,G36,495,57,0.49,Solved
s526.bench,G149,8,26,0.09,Solved
s526.bench,G44,71,20,0.16,Solved
s526.bench,G158,20,87,0.09,Solved
s526.bench,G31,2,2,0.10,Solved
s526.bench,G208,8,8,0.09,Solved
s526.bench,G141,161,49,0.26,Solved
s526.bench,I368,8,25,0.09,Solved
s526.bench,G185,33,91,0.14,Solved
s526.bench,G87,39,45,0.15,Solved
s526.bench,G91,34,154,0.14,Solved
s526.bench,G112,29,181,0.11,Solved
s526.bench,G54,90,173,0.19,Solved
s526.bench,G56,72,57,0.20,Solved
s526.bench,G53,19,54,0.12,Solved
s526.bench,G126,8,11,0.12,Solved
s526.bench,G178,8,11,0.12,Solved
s13207.bench,g7603,468,674,0.58,Solved
s13207.bench,g6716,864,582,1.75,Solved
s13207.bench,g6363,889,765,0.96,Solved
s13207.bench,I12379,883,762,0.96,Solved
s13207.bench,I10820,2487,1649,1.20,Solved
s13207.bench,I15426,914,707,0.70,Solved
s13207.bench,g4172,1842,1656,1.20,Solved
s13207.bench,I7758,870,351,2.47,Solved
s13207.bench,g6834,622,480,1.16,Solved
s13207.bench,g6028,2677,1932,1.22,Solved
s13207.bench,I14009,547,903,0.48,Solved
s13207.bench,g4375,814,389,2.11,Solved
s13207.bench,g1925,872,1329,0.60,Solved
s13207.bench,g5688,700,312,1.72,Solved
s13207.bench,g8807,247,2683,0.16,Solved
s13207.bench,g6906,615,429,1.07,Solved
s13207.bench,g6184,636,214,1.85,Solved
s13207.bench,I10684,343,875,0.30,Solved
s13207.bench,g8756,479,183,1.16,Solved
s13207.bench,g4600,744,1071,0.64,Solved
s953.bench,I408,20,31,0.12,Solved
s953.bench,I505,42,27,0.22,Solved
s953.bench,I587,223,1337,0.33,Fallback
s953.bench,I13,40,25,0.24,Solved
s953.bench,I589,42,1107,0.35,Fallback
s953.bench,I311,45,24,0.36,Solved
s953.bench,I573,81,24,0.34,Solved
s953.bench,I343,41,77,0.35,Solved
s953.bench,I742,39,24,0.39,Solved
s953.bench,I1087_1,53,29,0.37,Solved
s953.bench,I1047_2,41,1245,0.34,Fallback
s953.bench,I341,163,1209,0.47,Fallback
s953.bench,I432,41,32,0.46,Solved
s953.bench,I430,15,1,0.17,Solved
s953.bench,I329,220,25,0.64,Solved
s953.bench,I1207_1,191,26,0.52,Solved
s953.bench,I508,85,2,0.76,Solved
s953.bench,I494,8,1117,0.11,Fallback
s953.bench,I556,41,29,0.54,Solved
s953.bench,I1107_1,79,25,0.57,Solved
s15850.bench,I14835,159,1314,0.10,Solved
s15850.bench,g8443,422,362,0.84,Solved
s15850.bench,g2510,594,15932,0.08,Fallback
s15850.bench,g10470,4635,1357,2.61,Solved
s15850.bench,g9729,2561,3836,0.73,Solved
s15850.bench,g4485,1298,723,2.04,Solved
s15850.bench,g6913,960,753,1.53,Solved
s15850.bench,g5119,1979,357,4.85,Solved
s15850.bench,g9917,2649,4525,0.89,Solved
s15850.bench,g2078,6369,5423,1.00,Solved
s15850.bench,g10667,609,217,2.45,Solved
s15850.bench,I15908,587,1091,0.74,Solved
s15850.bench,I10314,845,447,2.35,Solved
s15850.bench,g9835,3281,2980,0.97,Solved
s15850.bench,I11272,516,596,0.57,Solved
s15850.bench,g4963,2307,3027,0.86,Solved
s15850.bench,I12930,805,331,3.47,Solved
s15850.bench,g7101,1115,76,7.08,Solved
s15850.bench,g6069,575,601,0.62,Solved
s15850.bench,I14976,853,573,1.22,Solved
s9234.1.bench,I8066,31,45,0.45,Solved
s9234.1.bench,I8806,53,493,0.29,Solved
s9234.1.bench,g3014,662,25,2.96,Solved
s9234.1.bench,g4020,767,717,0.88,Solved
s9234.1.bench,I7679,1542,474,2.69,Solved
s9234.1.bench,g1784,361,271,0.76,Solved
s9234.1.bench,I8186,15,14,0.44,Solved
s9234.1.bench,I3019,484,501,0.81,Solved
s9234.1.bench,g2509,931,701,1.02,Solved
s9234.1.bench,I2057,996,450,1.10,Solved
s9234.1.bench,g3424,3168,1309,2.07,Solved
s9234.1.bench,g2687,421,274,0.81,Solved
s9234.1.bench,g5784,867,772,0.83,Solved
s9234.1.bench,I5731,1720,443,2.68,Solved
s9234.1.bench,I2128,1392,333,2.96,Solved
s9234.1.bench,g6501,17,22,0.44,Solved
s9234.1.bench,g3678,4837,5007,0.83,Solved
s9234.1.bench,g3933,191,1703,0.15,Solved
s9234.1.bench,g4156,4150,1244,1.89,Solved
s9234.1.bench,g5372,2387,1593,0.97,Solved
s444.bench,G152,107,28,0.14,Solved
s444.bench,G125,29,19,0.15,Solved
s444.bench,G32,96,17,0.14,Solved
s444.bench,I382,32,6,0.10,Solved
s444.bench,G76,99,152,0.14,Solved
s444.bench,G52,55,16,0.12,Solved
s444.bench,G78,241,133,0.26,Solved
s444.bench,G146,20,89,0.10,Solved
s444.bench,G83,60,41,0.14,Solved
s444.bench,G93,65,10,0.14,Solved
s444.bench,G162BF,16,10,0.10,Solved
s444.bench,G102,31,15,0.12,Solved
s444.bench,G158,33,22,0.13,Solved
s444.bench,I191,49,9,0.16,Solved
s444.bench,G54,44,20,0.15,Solved
s444.bench,G167,12,7,0.11,Solved
s444.bench,G119,12,8,0.10,Solved
s444.bench,G125,31,58,0.12,Solved
s444.bench,G38,35,24,0.14,Solved
s444.bench,G155,19,16,0.11,Solved
s400.bench,TCOMBVNODE18,167,1185,0.16,Fallback
s400.bench,TESTLVINMUXVOR1NF,33,10,0.09,Solved
s400.bench,C3VCO0,6,15,0.07,Solved
s400.bench,TESTLVINLATCHN,6,29,0.07,Solved
s400.bench,TCOMBVNODE8,3,3,0.08,Solved
s400.bench,UC_8VZVOR1NF,32,3,0.10,Solved
s400.bench,FMBVIR1,6,6,0.08,Solved
s400.bench,UC_11VZ,24,25,0.11,Solved
s400.bench,C3VCO2,111,22,0.17,Solved
s400.bench,Y1C,15,9,0.09,Solved
s400.bench,UC_27,19,28,0.11,Solved
s400.bench,UC_17VZVOR1NF,20,25,0.11,Solved
s400.bench,UC_15,23,175,0.10,Solved
s400.bench,UC_19VZ,18,47,0.12,Solved
s400.bench,UC_16VUC_0,22,27,0.12,Solved
s400.bench,UC_8VD,6,12,0.09,Solved
s400.bench,C3_Q2VZ,83,20,0.18,Solved
s400.bench,C3_Q1VUC_0,73,28,0.16,Solved
s400.bench,OUTBUFVBUFY1VIR1,6,9,0.11,Solved
s400.bench,UC_18VZVOR1NF,52,43,0.14,Solved
s13207.1.bench,g8218,162,669,0.15,Solved
s13207.1.bench,g7119,34,35,0.53,Solved
s13207.1.bench,I5505,153,1896,0.09,Solved
s13207.1.bench,I6774,870,2394,0.56,Solved
s13207.1.bench,I5515,1779,4495,0.60,Solved
s13207.1.bench,g1837,1109,684,1.59,Solved
s13207.1.bench,g6753,149,1313,0.14,Solved
s13207.1.bench,g9165,471,2279,0.24,Solved
s13207.1.bench,g4363,301,829,0.26,Solved
s13207.1.bench,g4689,2705,2013,1.18,Solved
s13207.1.bench,I6590,1761,728,2.41,Solved
s13207.1.bench,I7567,2665,1388,1.81,Solved
s13207.1.bench,I5957,649,856,0.68,Solved
s13207.1.bench,I15839,585,2421,0.29,Solved
s13207.1.bench,g4899,386,769,0.35,Solved
s13207.1.bench,I6733,461,661,0.57,Solved
s13207.1.bench,g5008,28,32,0.57,Solved
s13207.1.bench,g6294,647,802,0.51,Solved
s13207.1.bench,g6135,566,247,1.40,Solved
s13207.1.bench,I6337,1608,360,5.03,Solved
s641.bench,I363,56,36,0.13,Solved
s641.bench,I524,13,13,0.11,Solved
s641.bench,I646,110,56,0.23,Solved
s641.bench,G143,51,13,0.16,Solved
s641.bench,G87,126,113,0.27,Solved
s641.bench,G194,45,3,0.15,Solved
s641.bench,I449,73,33,0.18,Solved
s641.bench,I373,50,36,0.17,Solved
s641.bench,G169,14,53,0.12,Solved
s641.bench,G133,57,11,0.22,Solved
s641.bench,G278,45,20,0.17,Solved
s641.bench,G347,12,6,0.15,Solved
s641.bench,I533,154,101,0.31,Solved
s641.bench,G355,2,4,0.13,Solved
s641.bench,G378,21,31,0.17,Solved
s641.bench,I202,3,5,0.14,Solved
s641.bench,I608,41,5,0.27,Solved
s641.bench,G88,45,98,0.15,Solved
s641.bench,G393,2,76,0.14,Solved
s641.bench,G115,88,7,0.38,Solved
s344.bench,BMVG4VX,12,8,0.06,Solved
s344.bench,AMVG2VS0P,17,25,0.07,Solved
s344.bench,CNTVCON2,9,10,0.07,Solved
s344.bench,ADDVG4VSN,81,8,0.15,Solved
s344.bench,BMVG3VS0P,54,21,0.12,Solved
s344.bench,CNTVG2VZ1,104,56,0.17,Solved
s344.bench,BM1,19,22,0.09,Solved
s344.bench,MRVG4VDVAD1NF,14,14,0.08,Solved
s344.bench,BMVG5VG1VAD2NF,5,4,0.07,Solved
s344.bench,SMVG5VG1VAD2NF,14,7,0.09,Solved
s344.bench,BMVG2VX,5,92,0.07,Solved
s344.bench,AMVG5VG1VAD2NF,0,1,0.07,Solved
s344.bench,SMVG4VX,14,27,0.09,Solved
s344.bench,P7,5,12,0.08,Solved
s344.bench,CNTVG2VQN,38,68,0.11,Solved
s344.bench,AM1,5,5,0.14,Solved
s344.bench,ADDVG1VCN,104,67,0.18,Solved
s344.bench,BMVG2VX,5,37,0.09,Solved
s344.bench,CT1N,36,41,0.15,Solved
s344.bench,CNTVG3VQN,62,86,0.17,Solved
s5378.bench,n1999gat,279,1933,0.15,Solved
s5378.bench,n2752gat,287,252,0.52,Solved
s5378.bench,I3914,181,305,0.43,Solved
s5378.bench,n140gat,1088,589,0.97,Solved
s5378.bench,I1082,45,1093,0.10,Solved
s5378.bench,n1670gat,897,485,0.97,Solved
s5378.bench,n2609gat,196,228,0.63,Solved
s5378.bench,n2661gat,41,40,0.37,Solved
s5378.bench,n212gat,189,142,0.74,Solved
s5378.bench,n2664gat,495,88,1.74,Solved
s5378.bench,n1721gat,268,236,0.57,Solved
s5378.bench,I2439,37,36,0.40,Solved
s5378.bench,n1858gat,193,138,0.53,Solved
s5378.bench,n913gat,48,47,0.40,Solved
s5378.bench,n2060gat,106,275,0.32,Solved
s5378.bench,n449gat,613,260,1.13,Solved
s5378.bench,I4720,440,113,2.28,Solved
s5378.bench,n856gat,126,217,0.45,Solved
s5378.bench,n1215gat,1428,706,1.54,Solved
s5378.bench,n508gat,572,172,1.83,Solved
s1494.bench,I51,137,91,0.31,Solved
s1494.bench,C157DE,111,85,0.29,Solved
s1494.bench,I305,207,166,0.50,Solved
s1494.bench,C142D,395,1504,0.43,Fallback
s1494.bench,C148D,164,93,0.36,Solved
s1494.bench,I229,89,41,0.27,Solved
s1494.bench,C91D,138,1170,0.30,Fallback
s1494.bench,Av13_D_19B,135,6,0.36,Solved
s1494.bench,C180DE,438,71,0.75,Solved
s1494.bench,I237,135,85,0.34,Solved
s1494.bench,I450,80,57,0.25,Solved
s1494.bench,I92,140,96,0.34,Solved
s1494.bench,I276,137,89,0.34,Solved
s1494.bench,I89,137,40,0.42,Solved
s1494.bench,Av13_D_8B,135,48,0.38,Solved
s1494.bench,I419,135,1,0.41,Solved
s1494.bench,C184D,419,10,0.85,Solved
s1494.bench,C118DE,224,11,0.54,Solved
s1494.bench,I537,209,78,0.47,Solved
s1494.bench,C34D,303,94,0.51,Solved
s27.bench,G15,7,1010,0.02,Fallback
s27.bench,G11,7,2,0.01,Solved
s27.bench,G17,7,2,0.01,Solved
s27.bench,G12,3,0,0.01,Solved
s27.bench,G15,8,1004,0.01,Fallback
s27.bench,G12,3,0,0.01,Solved
s27.bench,G11,8,2,0.01,Solved
s27.bench,G17,7,2,0.01,Solved
s27.bench,G15,7,1004,0.01,Fallback
s27.bench,G15,7,1004,0.01,Fallback
s27.bench,G9,7,2,0.02,Solved
s27.bench,G9,8,2,0.02,Solved
s27.bench,G11,8,2,0.02,Solved
s27.bench,G10,0,0,0.02,Solved
s27.bench,G8,9,2,0.02,Solved
s27.bench,G11,7,2,0.02,Solved
s27.bench,G12,3,0,0.02,Solved
s27.bench,G12,3,0,0.02,Solved
s27.bench,G8,10,2,0.02,Solved
s27.bench,G11,8,2,0.02,Solved
s1238.bench,G264,20,42,0.14,Solved
s1238.bench,G428,109,136,0.22,Solved
s1238.bench,G490,671,237,0.68,Solved
s1238.bench,G486,602,113,0.66,Solved
s1238.bench,G231,7,6,0.14,Solved
s1238.bench,G228,566,255,0.59,Solved
s1238.bench,G415,139,149,0.27,Solved
s1238.bench,G279,166,126,0.25,Solved
s1238.bench,G428,149,150,0.31,Solved
s1238.bench,G282,178,181,0.34,Solved
s1238.bench,G235,39,43,0.24,Solved
s1238.bench,G293,171,168,0.34,Solved
s1238.bench,G51,282,189,0.40,Solved
s1238.bench,G220,224,366,0.36,Solved
s1238.bench,G62,44,51,0.27,Solved
s1238.bench,G426,377,119,0.50,Solved
s1238.bench,G281,276,138,0.46,Solved
s1238.bench,G488,17,20,0.19,Solved
s1238.bench,G419,275,278,0.38,Solved
s1238.bench,G254,169,693,0.31,Solved
s349.bench,ADDVG2VSN,6,29,0.06,Solved
s349.bench,BMVG2VX,157,102,0.18,Solved
s349.bench,SMVG5VS0P,95,1102,0.13,Fallback
s349.bench,ADDVG4VCNVAD3NF,14,8,0.07,Solved
s349.bench,BM1,46,22,0.11,Solved
s349.bench,ADDVG3VCN,86,15,0.15,Solved
s349.bench,SM1,20,17,0.09,Solved
s349.bench,P6,82,4,0.16,Solved
s349.bench,ADDVG3VCNVAD2NF,17,43,0.08,Solved
s349.bench,CNTVCO1,76,35,0.13,Solved
s349.bench,ADDVG3VCNVAD2NF,43,54,0.12,Solved
s349.bench,CO,14,9,0.09,Solved
s349.bench,SMVG3VG1VAD2NF,8,13,0.08,Solved
s349.bench,CNTVG1VG2VOR1NF,26,4,0.10,Solved
s349.bench,BM2,99,56,0.18,Solved
s349.bench,ACVPCN,5,4,0.09,Solved
s349.bench,AD2N,20,10,0.11,Solved
s349.bench,S1,8,41,0.07,Solved
s349.bench,AMVG2VG1VAD2NF,51,38,0.20,Solved
s349.bench,CNTVG1VQN,46,65,0.12,Solved
s298.bench,G96,27,18,0.08,Solved
s298.bench,G41,5,5,0.06,Solved
s298.bench,G48,26,48,0.07,Solved
s298.bench,I232,27,10,0.08,Solved
s298.bench,G36,42,79,0.12,Solved
s298.bench,G114,20,69,0.07,Solved
s298.bench,G82,173,24,0.19,Solved
s298.bench,G81,32,24,0.10,Solved
s298.bench,G108,43,19,0.11,Solved
s298.bench,G47,34,48,0.10,Solved
s298.bench,G62,17,15,0.08,Solved
s298.bench,G37,55,77,0.11,Solved
s298.bench,G89,25,24,0.09,Solved
s298.bench,G36,46,86,0.10,Solved
s298.bench,G84,16,7,0.08,Solved
s298.bench,G47,60,68,0.15,Solved
s298.bench,G109,19,17,0.09,Solved
s298.bench,G110,19,33,0.08,Solved
s298.bench,G56,16,13,0.08,Solved
s298.bench,G64,17,35,0.10,Solved
s386.bench,I25,10,5,0.09,Solved
s386.bench,I39,92,2,0.14,Solved
s386.bench,I62,11,1080,0.07,Fallback
s386.bench,v13_D_3,8,4,0.07,Solved
s386.bench,B24B,11,4,0.08,Solved
s386.bench,I90,13,8,0.08,Solved
s386.bench,B23B,11,1038,0.08,Fallback
s386.bench,I164,30,0,0.09,Solved
s386.bench,I84,52,5,0.13,Solved
s386.bench,v4bar,151,1013,0.20,Fallback
s386.bench,I17,13,7,0.09,Solved
s386.bench,I51,35,1059,0.12,Fallback
s386.bench,I87,49,1098,0.12,Fallback
s386.bench,I57,32,9,0.11,Solved
s386.bench,v13_D_6,8,6,0.09,Solved
s386.bench,v7bar,5,1014,0.09,Fallback
s386.bench,I106,34,8,0.11,Solved
s386.bench,I207,0,0,0.10,Solved
s386.bench,B28B,10,3,0.10,Solved
s386.bench,I87,47,1125,0.12,Fallback
s713.bench,G354,75,31,0.12,Solved
s713.bench,I313,33,6,0.12,Solved
s713.bench,I538,62,42,0.18,Solved
s713.bench,G108,42,54,0.16,Solved
s713.bench,G84,16,8,0.14,Solved
s713.bench,II208,50,4,0.20,Solved
s713.bench,G238,106,57,0.24,Solved
s713.bench,G350,24,21,0.15,Solved
s713.bench,G106,19,21,0.14,Solved
s713.bench,I329,56,81,0.18,Solved
s713.bench,I537,296,1217,0.55,Fallback
s713.bench,I649,8,2,0.14,Solved
s713.bench,I349,16,6,0.15,Solved
s713.bench,G395,27,52,0.16,Solved
s713.bench,G112,17,78,0.11,Solved
s713.bench,G150,99,5,0.38,Solved
s713.bench,G109,81,83,0.37,Solved
s713.bench,I414,69,19,0.24,Solved
s713.bench,G215,10,35,0.15,Solved
s713.bench,G229,16,47,0.15,Solved
